{"cameraMode":{"drawMode":0,"name":"Shaded","section":"Shading Mode"},"sceneLighting":true,"audioPlay":false,"sceneViewState":{"showFog":false,"showMaterialUpdate":false,"showSkybox":true,"showFlares":false,"showImageEffects":false,"showParticleSystems":false},"in2DMode":false,"pivot":{"x":-7.9668288230896,"y":1.4683820009231568,"z":3.7440919876098635},"rotation":{"x":0.010178067721426487,"y":-0.7344659566879273,"z":0.011017694137990475,"w":0.6784813404083252},"size":19.907827377319337,"orthographic":false}